{
  "best_params_base": {
    "iterations": 331,
    "depth": 2,
    "learning_rate": 0.018522,
    "l2_leaf_reg": 3.272855,
    "bagging_temperature": 0.324958
  },
  "best_params_regime": {
    "iterations": 331,
    "depth": 2,
    "learning_rate": 0.018522,
    "l2_leaf_reg": 3.272855,
    "bagging_temperature": 0.324958
  },
  "tuning_base": {
    "best_value": 0.5775522412690554,
    "best_params": {
      "iterations": 331,
      "depth": 2,
      "learning_rate": 0.018522,
      "l2_leaf_reg": 3.272855,
      "bagging_temperature": 0.324958
    },
    "trial_values": [
      0.5775522412690554
    ],
    "source": "saved_notebook_params"
  },
  "tuning_regime": {
    "best_value": 0.5775522412690554,
    "best_params": {
      "iterations": 331,
      "depth": 2,
      "learning_rate": 0.018522,
      "l2_leaf_reg": 3.272855,
      "bagging_temperature": 0.324958
    },
    "trial_values": [
      0.5775522412690554
    ],
    "source": "saved_notebook_params"
  },
  "result_base": {
    "name": "CatBoost (base)",
    "accuracy": 0.6391752577319587,
    "f1_macro": 0.5775522412690554,
    "f1_weighted": 0.6585548381005001,
    "actuals_enc": [
      1,
      1,
      1,
      1,
      1,
      1,
      1,
      1,
      1,
      1,
      1,
      2,
      1,
      1,
      1,
      1,
      1,
      1,
      1,
      2,
      1,
      2,
      1,
      2,
      1,
      1,
      1,
      2,
      1,
      2,
      1,
      2,
      1,
      2,
      1,
      2,
      1,
      1,
      1,
      1,
      0,
      0,
      1,
      0,
      1,
      1,
      0,
      0,
      1,
      1,
      1,
      1,
      1,
      1,
      1,
      1,
      1,
      1,
      1,
      1,
      1,
      1,
      1,
      1,
      2,
      2,
      2,
      2,
      2,
      2,
      2,
      2,
      2,
      2,
      1,
      2,
      1,
      1,
      1,
      1,
      1,
      1,
      1,
      1,
      0,
      0,
      0,
      1,
      1,
      1,
      1,
      1,
      0,
      0,
      0,
      1,
      1
    ],
    "preds_enc": [
      1,
      1,
      1,
      1,
      1,
      1,
      1,
      1,
      1,
      1,
      1,
      1,
      2,
      1,
      1,
      1,
      1,
      1,
      1,
      1,
      2,
      1,
      2,
      2,
      2,
      2,
      1,
      2,
      1,
      1,
      1,
      2,
      1,
      2,
      1,
      2,
      1,
      2,
      2,
      2,
      2,
      0,
      0,
      0,
      0,
      2,
      2,
      2,
      1,
      1,
      1,
      1,
      1,
      1,
      1,
      1,
      1,
      1,
      1,
      1,
      1,
      1,
      1,
      1,
      2,
      1,
      2,
      2,
      2,
      2,
      2,
      2,
      2,
      2,
      2,
      2,
      2,
      2,
      2,
      2,
      2,
      2,
      1,
      1,
      1,
      2,
      0,
      0,
      0,
      0,
      0,
      0,
      0,
      0,
      0,
      0,
      0
    ],
    "actuals_orig": [
      0,
      0,
      0,
      0,
      0,
      0,
      0,
      0,
      0,
      0,
      0,
      1,
      0,
      0,
      0,
      0,
      0,
      0,
      0,
      1,
      0,
      1,
      0,
      1,
      0,
      0,
      0,
      1,
      0,
      1,
      0,
      1,
      0,
      1,
      0,
      1,
      0,
      0,
      0,
      0,
      -1,
      -1,
      0,
      -1,
      0,
      0,
      -1,
      -1,
      0,
      0,
      0,
      0,
      0,
      0,
      0,
      0,
      0,
      0,
      0,
      0,
      0,
      0,
      0,
      0,
      1,
      1,
      1,
      1,
      1,
      1,
      1,
      1,
      1,
      1,
      0,
      1,
      0,
      0,
      0,
      0,
      0,
      0,
      0,
      0,
      -1,
      -1,
      -1,
      0,
      0,
      0,
      0,
      0,
      -1,
      -1,
      -1,
      0,
      0
    ],
    "preds_orig": [
      0,
      0,
      0,
      0,
      0,
      0,
      0,
      0,
      0,
      0,
      0,
      0,
      1,
      0,
      0,
      0,
      0,
      0,
      0,
      0,
      1,
      0,
      1,
      1,
      1,
      1,
      0,
      1,
      0,
      0,
      0,
      1,
      0,
      1,
      0,
      1,
      0,
      1,
      1,
      1,
      1,
      -1,
      -1,
      -1,
      -1,
      1,
      1,
      1,
      0,
      0,
      0,
      0,
      0,
      0,
      0,
      0,
      0,
      0,
      0,
      0,
      0,
      0,
      0,
      0,
      1,
      0,
      1,
      1,
      1,
      1,
      1,
      1,
      1,
      1,
      1,
      1,
      1,
      1,
      1,
      1,
      1,
      1,
      0,
      0,
      0,
      1,
      -1,
      -1,
      -1,
      -1,
      -1,
      -1,
      -1,
      -1,
      -1,
      -1,
      -1
    ]
  },
  "result_regime": {
    "name": "CatBoost (+ regime)",
    "accuracy": 0.6391752577319587,
    "f1_macro": 0.5775522412690554,
    "f1_weighted": 0.6585548381005001,
    "actuals_enc": [
      1,
      1,
      1,
      1,
      1,
      1,
      1,
      1,
      1,
      1,
      1,
      2,
      1,
      1,
      1,
      1,
      1,
      1,
      1,
      2,
      1,
      2,
      1,
      2,
      1,
      1,
      1,
      2,
      1,
      2,
      1,
      2,
      1,
      2,
      1,
      2,
      1,
      1,
      1,
      1,
      0,
      0,
      1,
      0,
      1,
      1,
      0,
      0,
      1,
      1,
      1,
      1,
      1,
      1,
      1,
      1,
      1,
      1,
      1,
      1,
      1,
      1,
      1,
      1,
      2,
      2,
      2,
      2,
      2,
      2,
      2,
      2,
      2,
      2,
      1,
      2,
      1,
      1,
      1,
      1,
      1,
      1,
      1,
      1,
      0,
      0,
      0,
      1,
      1,
      1,
      1,
      1,
      0,
      0,
      0,
      1,
      1
    ],
    "preds_enc": [
      1,
      1,
      1,
      1,
      1,
      1,
      1,
      1,
      1,
      1,
      1,
      1,
      2,
      1,
      1,
      1,
      1,
      1,
      1,
      1,
      2,
      1,
      2,
      2,
      2,
      2,
      1,
      2,
      1,
      1,
      1,
      2,
      1,
      2,
      1,
      2,
      1,
      2,
      2,
      2,
      2,
      0,
      0,
      0,
      0,
      2,
      2,
      2,
      1,
      1,
      1,
      1,
      1,
      1,
      1,
      1,
      1,
      1,
      1,
      1,
      1,
      1,
      1,
      1,
      2,
      1,
      2,
      2,
      2,
      2,
      2,
      2,
      2,
      2,
      2,
      2,
      2,
      2,
      2,
      2,
      2,
      2,
      1,
      1,
      1,
      2,
      0,
      0,
      0,
      0,
      0,
      0,
      0,
      0,
      0,
      0,
      0
    ],
    "actuals_orig": [
      0,
      0,
      0,
      0,
      0,
      0,
      0,
      0,
      0,
      0,
      0,
      1,
      0,
      0,
      0,
      0,
      0,
      0,
      0,
      1,
      0,
      1,
      0,
      1,
      0,
      0,
      0,
      1,
      0,
      1,
      0,
      1,
      0,
      1,
      0,
      1,
      0,
      0,
      0,
      0,
      -1,
      -1,
      0,
      -1,
      0,
      0,
      -1,
      -1,
      0,
      0,
      0,
      0,
      0,
      0,
      0,
      0,
      0,
      0,
      0,
      0,
      0,
      0,
      0,
      0,
      1,
      1,
      1,
      1,
      1,
      1,
      1,
      1,
      1,
      1,
      0,
      1,
      0,
      0,
      0,
      0,
      0,
      0,
      0,
      0,
      -1,
      -1,
      -1,
      0,
      0,
      0,
      0,
      0,
      -1,
      -1,
      -1,
      0,
      0
    ],