{
  "best_params": {
    "iterations": 331,
    "depth": 2,
    "learning_rate": 0.018522,
    "l2_leaf_reg": 3.272855,
    "bagging_temperature": 0.324958
  },
  "final_result": {
    "name": "CatBoost",
    "accuracy": 0.6391752577319587,
    "f1_macro": 0.5775522412690554,
    "f1_weighted": 0.6585548381005001,
    "log_loss": 0.8434434980889645,
    "brier_score": 0.16251409473564266,
    "actuals_enc": [
      1,
      1,
      1,
      1,
      1,
      1,
      1,
      1,
      1,
      1,
      1,
      2,
      1,
      1,
      1,
      1,
      1,
      1,
      1,
      2,
      1,
      2,
      1,
      2,
      1,
      1,
      1,
      2,
      1,
      2,
      1,
      2,
      1,
      2,
      1,
      2,
      1,
      1,
      1,
      1,
      0,
      0,
      1,
      0,
      1,
      1,
      0,
      0,
      1,
      1,
      1,
      1,
      1,
      1,
      1,
      1,
      1,
      1,
      1,
      1,
      1,
      1,
      1,
      1,
      2,
      2,
      2,
      2,
      2,
      2,
      2,
      2,
      2,
      2,
      1,
      2,
      1,
      1,
      1,
      1,
      1,
      1,
      1,
      1,
      0,
      0,
      0,
      1,
      1,
      1,
      1,
      1,
      0,
      0,
      0,
      1,
      1
    ],
    "preds_enc": [
      1,
      1,
      1,
      1,
      1,
      1,
      1,
      1,
      1,
      1,
      1,
      1,
      2,
      1,
      1,
      1,
      1,
      1,
      1,
      1,
      2,
      1,
      2,
      2,
      2,
      2,
      1,
      2,
      1,
      1,
      1,
      2,
      1,
      2,
      1,
      2,
      1,
      2,
      2,
      2,
      2,
      0,
      0,
      0,
      0,
      2,
      2,
      2,
      1,
      1,
      1,
      1,
      1,
      1,
      1,
      1,
      1,
      1,
      1,
      1,
      1,
      1,
      1,
      1,
      2,
      1,
      2,
      2,
      2,
      2,
      2,
      2,
      2,
      2,
      2,
      2,
      2,
      2,
      2,
      2,
      2,
      2,
      1,
      1,
      1,
      2,
      0,
      0,
      0,
      0,
      0,
      0,
      0,
      0,
      0,
      0,
      0
    ],
    "actuals_orig": [
      0,
      0,
      0,
      0,
      0,
      0,
      0,
      0,
      0,
      0,
      0,
      1,
      0,
      0,
      0,
      0,
      0,
      0,
      0,
      1,
      0,
      1,
      0,
      1,
      0,
      0,
      0,
      1,
      0,
      1,
      0,
      1,
      0,
      1,
      0,
      1,
      0,
      0,
      0,
      0,
      -1,
      -1,
      0,
      -1,
      0,
      0,
      -1,
      -1,
      0,
      0,
      0,
      0,
      0,
      0,
      0,
      0,
      0,
      0,
      0,
      0,
      0,
      0,
      0,
      0,
      1,
      1,
      1,
      1,
      1,
      1,
      1,
      1,
      1,
      1,
      0,
      1,
      0,
      0,
      0,
      0,
      0,
      0,
      0,
      0,
      -1,
      -1,
      -1,
      0,
      0,
      0,
      0,
      0,
      -1,
      -1,
      -1,
      0,
      0
    ],
    "preds_orig": [
      0,
      0,
      0,
      0,
      0,
      0,
      0,
      0,
      0,
      0,
      0,
      0,
      1,
      0,
      0,
      0,
      0,
      0,
      0,
      0,
      1,
      0,
      1,
      1,
      1,
      1,
      0,
      1,
      0,
      0,
      0,
      1,
      0,
      1,
      0,
      1,
      0,
      1,
      1,
      1,
      1,
      -1,
      -1,
      -1,
      -1,
      1,
      1,
      1,
      0,
      0,
      0,
      0,
      0,
      0,
      0,
      0,
      0,
      0,
      0,
      0,
      0,
      0,
      0,
      0,
      1,
      0,
      1,
      1,
      1,
      1,
      1,
      1,
      1,
      1,
      1,
      1,
      1,
      1,
      1,
      1,
      1,
      1,
      0,
      0,
      0,
      1,
      -1,
      -1,
      -1,
      -1,
      -1,
      -1,
      -1,
      -1,
      -1,
      -1,
      -1
    ],